date,merchant,amount
Yesterday,Uber Ride,$12?
last Sunday,,15.50
next Friday,Starbucks,$5.00
THIS tuesday,UBER EATS,-$8.99
past Wednesday,AMZN Mktp US*PLQF,120.00
previous thursday,Pizza Town üçï,10$
1 week ago,Starbucks #302,4.5
In 2 days,Uber,14.00
3 Weeks Ago,Random Store, USD 42.00
Tomorrow,, $7.99
this monday,amazon.com//$,#35.15
last Saturday, ,$22.22
,,bad data
13.05.23,Pizza Town üçï, 10 ‚Ç¨ 
3-7-2023,Uber,$33
01/02/23,UBER EATS,-$15.00
Jan 1st 23,Uber Technologies, USD 24.99
2023-01-01,UBER *TRIP,$13.42
,Unknown Merchant,$100.00
April 2024,MCDONALD‚ÄôS #03944,20.00
2025,TRADER JOES #884,49.99
2023/03/05,Starbucks ‚òï Cafe, 5.4
2023/03/05,Starbucks ‚òï Cafe, $$5.4
2023/03/05,Starbucks ‚òï Cafe, INR5.4
2023/03/05,Starbucks ‚òï Cafe, EURO5.4
2023/03/05,Starbucks ‚òï Cafe, USD
Starbucks, 5.0
5th May , 25
Starbucks,
5th May ,
10